{
    "match_uid": "6713334_1739469005_90_11001_50",
    "game_mode_id": 1,
    "replay_id": "50529812279",
    "mvp_uid": 1025019131,
    "mvp_hero_id": 1047,
    "svp_uid": 2019734984,
    "svp_hero_id": 1027,
    "dynamic_fields": {},
    "match_players": [
        {
            "player_uid": 1946826708,
            "nick_name": "KindKade",
            "player_icon": 31024202,
            "camp": 1,
            "cur_hero_id": 1041,
            "is_win": 0,
            "k": 6,
            "d": 3,
            "a": 1,
            "total_hero_damage": 3228.52640914917,
            "total_hero_heal": 1486.9376068115234,
            "total_damage_taken": 1475.1307663917542,
            "dynamic_fields": {
                "level": 1.0,
                "new_level": 1.0
            },
            "badge_ids": null,
            "player_heroes": [
                {
                    "hero_id": 1016,
                    "play_time": 314.3629974462092,
                    "k": 5,
                    "d": 3,
                    "a": 1,
                    "session_hit_rate": 0.3208955223880597
                },
                {
                    "hero_id": 1041,
                    "play_time": 55.0890473164618,
                    "k": 1,
                    "d": 0,
                    "a": 0,
                    "session_hit_rate": 0.6666666666666666
                }
            ]
        },
        {
            "player_uid": 1352524225,
            "nick_name": "RALII",
            "player_icon": 31022203,
            "camp": 1,
            "cur_hero_id": 1018,
            "is_win": 0,
            "k": 2,
            "d": 1,
            "a": 0,
            "total_hero_damage": 1663.6946907043457,
            "total_hero_heal": 0.0,
            "total_damage_taken": 2899.1995344161987,
            "dynamic_fields": {
                "level": 1.0,
                "new_level": 1.0
            },
            "badge_ids": null,
            "player_heroes": [
                {
                    "hero_id": 1018,
                    "play_time": 184.56990590505302,
                    "k": 2,
                    "d": 1,
                    "a": 0,
                    "session_hit_rate": 0.35807860262008734
                }
            ]
        },
        {
            "player_uid": 560787084,
            "nick_name": "Velou",
            "player_icon": 31043202,
            "camp": 1,
            "cur_hero_id": 0,
            "is_win": 0,
            "k": 0,
            "d": 0,
            "a": 0,
            "total_hero_damage": 0.0,
            "total_hero_heal": 0.0,
            "total_damage_taken": 0.0,
            "dynamic_fields": {
                "level": 1.0,
                "new_level": 1.0
            },
            "badge_ids": null,
            "player_heroes": null
        },
        {
            "player_uid": 891095982,
            "nick_name": "aydo.",
            "player_icon": 31020201,
            "camp": 1,
            "cur_hero_id": 1048,
            "is_win": 0,
            "k": 0,
            "d": 0,
            "a": 0,
            "total_hero_damage": 0.0,
            "total_hero_heal": 0.0,
            "total_damage_taken": 0.0,
            "dynamic_fields": {
                "new_level": 1.0,
                "level": 1.0
            },
            "badge_ids": null,
            "player_heroes": [
                {
                    "hero_id": 1048,
                    "play_time": 369.452044762671,
                    "k": 0,
                    "d": 0,
                    "a": 0,
                    "session_hit_rate": 0.0
                }
            ]
        },
        {
            "player_uid": 803174852,
            "nick_name": "The Mothman",
            "player_icon": 31051001,
            "camp": 1,
            "cur_hero_id": 1036,
            "is_win": 0,
            "k": 0,
            "d": 2,
            "a": 0,
            "total_hero_damage": 0.0,
            "total_hero_heal": 0.0,
            "total_damage_taken": 706.3232202529907,
            "dynamic_fields": {
                "level": 1.0,
                "new_level": 1.0
            },
            "badge_ids": null,
            "player_heroes": [
                {
                    "hero_id": 1036,
                    "play_time": 179.7439969368279,
                    "k": 0,
                    "d": 2,
                    "a": 0,
                    "session_hit_rate": 0.0
                }
            ]
        },
        {
            "player_uid": 1472369479,
            "nick_name": "-KON",
            "player_icon": 30000001,
            "camp": 1,
            "cur_hero_id": 1052,
            "is_win": 0,
            "k": 3,
            "d": 2,
            "a": 0,
            "total_hero_damage": 852.7780532836914,
            "total_hero_heal": 140.0,
            "total_damage_taken": 794.1999979019165,
            "dynamic_fields": {
                "level": 1.0,
                "new_level": 1.0
            },
            "badge_ids": null,
            "player_heroes": [
                {
                    "hero_id": 1052,
                    "play_time": 369.452044762671,
                    "k": 3,
                    "d": 2,
                    "a": 0,
                    "session_hit_rate": 0.2631578947368421
                }
            ]
        },
        {
            "player_uid": 1194581767,
            "nick_name": "ihave2dads",
            "player_icon": 31050001,
            "camp": 0,
            "cur_hero_id": 0,
            "is_win": 0,
            "k": 0,
            "d": 0,
            "a": 0,
            "total_hero_damage": 0.0,
            "total_hero_heal": 0.0,
            "total_damage_taken": 0.0,
            "dynamic_fields": {
                "level": 1.0,
                "new_level": 1.0
            },
            "badge_ids": null,
            "player_heroes": null
        },
        {
            "player_uid": 837365225,
            "nick_name": "Endlss",
            "player_icon": 31031202,
            "camp": 0,
            "cur_hero_id": 0,
            "is_win": 0,
            "k": 0,
            "d": 0,
            "a": 0,
            "total_hero_damage": 0.0,
            "total_hero_heal": 0.0,
            "total_damage_taken": 0.0,
            "dynamic_fields": {
                "level": 1.0,
                "new_level": 1.0
            },
            "badge_ids": null,
            "player_heroes": null
        },
        {
            "player_uid": 154561657,
            "nick_name": "Fokuuh",
            "player_icon": 31023201,
            "camp": 0,
            "cur_hero_id": 1016,
            "is_win": 1,
            "k": 6,
            "d": 1,
            "a": 0,
            "total_hero_damage": 1294.368646621704,
            "total_hero_heal": 1898.8614654541016,
            "total_damage_taken": 829.1345977783203,
            "dynamic_fields": {
                "level": 1.0,
                "new_level": 1.0
            },
            "badge_ids": null,
            "player_heroes": [
                {
                    "hero_id": 1016,
                    "play_time": 369.452044762671,
                    "k": 6,
                    "d": 1,
                    "a": 0,
                    "session_hit_rate": 0.39263803680981596
                }
            ]
        },
        {
            "player_uid": 117794175,
            "nick_name": "ItsGriM-",
            "player_icon": 31017001,
            "camp": 0,
            "cur_hero_id": 1036,
            "is_win": 0,
            "k": 0,
            "d": 1,
            "a": 0,
            "total_hero_damage": 87.3624382019043,
            "total_hero_heal": 0.0,